NHSGeometry;NHSCode;NHS Name;NHSPoint;NHS Region Name Welsh
[[[[0.730259,51.499303],[0.9196948877118638,51.55112701573427],[0.9541377902542374,51.737694781468534],[1.1952381080508472,51.79988403671329],[1.539667133474576,52.04864105769231],[1.7635459999999998,52.369952],[1.7635459999999998,52.743088],[1.2641239131355926,52.98147988636364],[0.7302589237288135,53.033304265734266],[0.248058,52.867466],[0.23083683686440626,52.753452617132865],[0.05862232415254187,52.732722865384616],[0.02417942161016917,52.670533610139856],[-0.492464116525424,52.64980385839161],[-0.5785713728813562,52.535790223776225],[-0.5096855677966099,52.452871216783215],[-0.5269070190677967,52.29739807867133],[-0.8368931419491528,52.152289816433566],[-0.854115,52.038275999999996],[-0.8368931419491528,51.9657220506993],[-0.6646786292372884,51.903532795454545],[-0.6474571779661016,51.78951916083916],[-0.509686,51.623681],[-0.09637073728813572,51.66514065034965],[0.23083683686440626,51.61331627097902],[0.248058,51.457843],[0.730259,51.499303]]]];E40000007;East of England;[0.425775,52.17585];
[[[[0.730259,51.499303],[0.248058,51.457843],[0.09306522669491546,51.34382949825175],[-0.21692089618644061,51.34382949825175],[-0.492464116525424,51.46820800874126],[-0.509686,51.623681],[-0.6474571779661016,51.78951916083916],[-0.6646786292372884,51.903532795454545],[-0.8368931419491528,51.9657220506993],[-0.854115,52.038275999999996],[-0.9918862033898304,52.07973568531468],[-1.1813221673728815,52.0071815541958],[-1.4052010338983054,52.121195188811186],[-1.611858,51.996817],[-1.680744254237288,51.872438167832165],[-1.680744254237288,51.66514065034965],[-1.542972644067797,51.45784313286713],[-1.542972644067797,51.29200511888112],[-1.680744254237288,51.16762660839161],[-1.6290799004237293,51.01215347027972],[-1.8874016694915259,50.96032909090909],[-1.74963,50.711572],[-1.1985436186440683,50.58719355944056],[-0.9918862033898304,50.753031573426576],[-0.4407997627118645,50.79449107692307],[0.24805828813559305,50.753031573426576],[0.9885806927966101,50.92923446328671],[1.0919094004237282,51.03288322202797],[1.419116974576271,51.16762660839161],[1.4018955233050843,51.36455925],[1.212459559322034,51.41638362937063],[1.0230235953389828,51.38528900174825],[0.730259,51.499303]]]];E40000005;South East;[-0.96957,51.43412];
[[[[-3.402889,54.318549],[-3.0584603559322034,54.484386888111885],[-2.800138586864407,54.47402201223776],[-2.3868237563559322,54.34964350174825],[-2.3007165,54.27708937062937],[-2.421266658898305,54.08015672902098],[-2.3523808538135595,53.99723772202797],[-2.111280536016949,53.935048466783215],[-2.1457234385593225,53.70702119755244],[-2.0423947309322035,53.686291445804194],[-1.818516,53.447899],[-1.5946369978813557,53.333885666083916],[-0.8541145932203396,53.24060178321678],[-0.7852287881355933,53.28206128671329],[-0.7680073368644065,53.47899392832168],[-0.5957928241525421,53.45826417657342],[-0.3719139576271191,53.57227781118881],[-0.14803509110169522,53.49972368006993],[0.041401,53.530818],[0.11028667796610137,53.69665632167832],[-0.16525654237288112,54.02833234965035],[-0.11359218855932252,54.14234598426573],[-0.5957928241525421,54.515481515734265],[-1.1813221673728815,54.70204928146853],[-1.4740868389830508,55.18919844755244],[-1.560194095338983,55.51050959965035],[-2.025173,55.811091],[-2.094059,55.811091],[-2.2834950487288133,55.67634761363636],[-2.317937951271187,55.448320344405595],[-2.800138586864407,55.15810381993007],[-3.4545537351694917,54.88861704720279],[-3.6095467966101697,54.650224902097904],[-3.6095467966101697,54.484386888111885],[-3.402889,54.318549]]]];E40000009;North East and Yorkshire;[-1.72452,54.191521];
[[[[-3.402889,54.318549],[-3.385667930084746,54.20453523951049],[-3.247896319915254,54.12161623251748],[-3.006796002118644,54.14234598426573],[-2.9206887457627118,54.06979185314685],[-3.110124709745763,53.852129459790206],[-3.0584603559322034,53.69665632167832],[-3.196231966101695,53.32352079020979],[-2.851803,52.991845],[-2.455709561440678,52.96075013461538],[-2.214609243644068,53.14731790034965],[-2.0423947309322035,53.1680476520979],[-2.0079518283898308,53.39607492132867],[-1.818516,53.447899],[-2.0423947309322035,53.686291445804194],[-2.1457234385593225,53.70702119755244],[-2.111280536016949,53.935048466783215],[-2.3523808538135595,53.99723772202797],[-2.421266658898305,54.08015672902098],[-2.3007165,54.27708937062937],[-2.3868237563559322,54.34964350174825],[-2.800138586864407,54.47402201223776],[-3.0584603559322034,54.484386888111885],[-3.402889,54.318549]]]];E40000010;North West;[-2.59991,53.896412];
[[[[-0.854115,52.038275999999996],[-0.8368931419491528,52.152289816433566],[-0.5269070190677967,52.29739807867133],[-0.5096855677966099,52.452871216783215],[-0.5785713728813562,52.535790223776225],[-0.492464116525424,52.64980385839161],[0.02417942161016917,52.670533610139856],[0.05862232415254187,52.732722865384616],[0.23083683686440626,52.753452617132865],[0.248058,52.867466],[0.17917248305084765,52.95038525874126],[0.36860844703389795,53.1265881486014],[0.38582989830508474,53.28206128671329],[0.16195103177966086,53.52045343181818],[0.041401,53.530818],[-0.14803509110169522,53.49972368006993],[-0.3719139576271191,53.57227781118881],[-0.5957928241525421,53.45826417657342],[-0.7680073368644065,53.47899392832168],[-0.7852287881355933,53.28206128671329],[-0.8541145932203396,53.24060178321678],[-1.5946369978813557,53.333885666083916],[-1.818516,53.447899],[-2.0079518283898308,53.39607492132867],[-2.0423947309322035,53.1680476520979],[-2.214609243644068,53.14731790034965],[-2.455709561440678,52.96075013461538],[-2.851803,52.991845],[-3.110124709745763,52.94002038286713],[-3.1273461610169493,52.57724972727273],[-3.2651177711864405,52.452871216783215],[-3.0584603559322034,52.287033202797204],[-3.1273461610169493,52.204114195804195],[-3.1273461610169493,52.03827618181818],[-3.041238904661017,51.924262547202794],[-2.714031,51.830979],[-2.5934811716101698,51.84134354020979],[-2.421266658898305,51.986451802447554],[-2.094059084745763,51.99681667832168],[-1.8185158644067796,52.07973568531468],[-1.611858,51.996817],[-1.4052010338983054,52.121195188811186],[-1.1813221673728815,52.0071815541958],[-0.9918862033898304,52.07973568531468],[-0.854115,52.038275999999996]]]];E40000008;Midlands;[-1.45821,52.72694];
[[[[0.248058,51.457843],[0.23083683686440626,51.61331627097902],[-0.09637073728813572,51.66514065034965],[-0.509686,51.623681],[-0.492464116525424,51.46820800874126],[-0.21692089618644061,51.34382949825175],[0.09306522669491546,51.34382949825175],[0.248058,51.457843]]]];E40000003;London;[-0.30864,51.492271];
[[[[-1.611858,51.996817],[-1.8185158644067796,52.07973568531468],[-2.094059084745763,51.99681667832168],[-2.421266658898305,51.986451802447554],[-2.5934811716101698,51.84134354020979],[-2.714031,51.830979],[-2.731252781779661,51.55112701573427],[-2.9723530995762713,51.44747825699301],[-3.1445676122881356,51.21945098776224],[-4.022861627118644,51.25054561538462],[-4.212297591101695,51.19872123601399],[-4.315626298728814,51.053612973776225],[-4.556726616525424,50.991423718531465],[-4.660055324152543,50.7633964493007],[-5.038927252118644,50.57682868356643],[-5.211141764830509,50.34880141433566],[-5.521127887711865,50.2451526555944],[-5.727785302966102,50.120774145104896],[-5.727785302966102,50.05858488986014],[-5.417799180084746,50.07931464160839],[-5.211141764830509,49.97566588286713],[-5.073370154661017,50.01712538636364],[-4.970041447033898,50.1622336486014],[-4.505062262711864,50.338436538461536],[-3.626768247881356,50.224422903846154],[-3.385667930084746,50.61828818706294],[-3.1273461610169493,50.670112566433566],[-2.0251732796610167,50.58719355944056],[-1.870180218220339,50.70120719405595],[-1.74963,50.711572],[-1.8874016694915259,50.96032909090909],[-1.6290799004237293,51.01215347027972],[-1.680744254237288,51.16762660839161],[-1.542972644067797,51.29200511888112],[-1.542972644067797,51.45784313286713],[-1.680744254237288,51.66514065034965],[-1.680744254237288,51.872438167832165],[-1.611858,51.996817]]]];E40000006;South West;[-3.63343,50.811192];
[[[[-3.501284,55.403940999999996],[-3.1107905237226277,55.36540409529702],[-2.8793872244525547,55.242086016089104],[-2.864925,55.126475],[-2.7636855748175186,55.134182696782176],[-2.1851773266423358,55.442477894801975],[-2.228565445255475,55.61974763366336],[-2.0694756770072997,55.78160261262376],[-2.0550129708029203,55.866383792079205],[-2.127326501824818,55.92033545173267],[-2.344267,55.958872],[-2.575670394160584,55.83555427227722],[-3.1107905237226277,55.750773092821774],[-3.3277311167883212,55.804724752475245],[-3.4434329999999997,55.773894999999996],[-3.443432766423358,55.68140667326732],[-3.5012835912408766,55.61974763366336],[-3.501284,55.403940999999996]]]];S08000016;Borders;[-2.72574736115519,55.521863575];
[[[[-3.501284,55.403940999999996],[-3.5012835912408766,55.61974763366336],[-3.443432766423358,55.68140667326732],[-3.4434329999999997,55.773894999999996],[-3.732687,55.804725],[-3.732687,55.866384],[-3.7905379999999997,55.897213],[-4.021941,56.020531],[-4.137643,56.020531],[-4.094254545620438,55.8740911720297],[-4.238881607664234,55.79701737252475],[-4.1954934890510955,55.7122361930693],[-4.253344,55.681407],[-4.181030782846715,55.59662549381188],[-4.03640372080292,55.5503812141089],[-4.021941,55.465599999999995],[-3.862851246350365,55.45789265470297],[-3.674836065693431,55.31145243564356],[-3.5735971222627745,55.319159815594055],[-3.501284,55.403940999999996]]]];S08000032;Lanarkshire;[-3.6723207237385,55.5950838613861];
[[[[-3.501284,55.403940999999996],[-3.5735971222627745,55.319159815594055],[-3.674836065693431,55.31145243564356],[-3.862851246350365,55.45789265470297],[-4.021941,55.465599999999995],[-4.094254545620438,55.34998933539603],[-4.296732432481752,55.303745055693064],[-4.383508669708029,55.195841736386136],[-4.585986556569344,55.14959745668316],[-4.730613618613139,55.04169413737623],[-5.063256,55.033986999999996],[-5.1644948047445265,54.995449857673265],[-5.178957510948905,54.879839158415834],[-4.933091505474453,54.67173989975247],[-4.875240680656935,54.7796432190594],[-4.7740017372262775,54.818180118811874],[-4.585986556569344,54.70256941955445],[-4.4268967883211685,54.66403251980198],[-4.296732432481752,54.7796432190594],[-3.9640901897810226,54.756521079207914],[-3.3711192354014603,54.933790818069305],[-3.05293969890511,54.98003509777227],[-2.8793872244525547,55.072523657178216],[-2.864925,55.126475],[-2.8793872244525547,55.242086016089104],[-3.1107905237226277,55.36540409529702],[-3.501284,55.403940999999996]]]];S08000017;Dumfries and Galloway;[-4.02194125547445,55.064816259901];
[[[[-6.220272,56.883758],[-6.220272,56.914587],[-6.104571,56.914587],[-6.104571,56.883758],[-6.220272,56.883758]]],[[[-6.278123,55.989701999999994],[-6.263660476277373,56.07448305074257],[-6.176884239051095,56.10531257054455],[-6.176884239051095,56.05906829084158],[-6.278123,55.989701999999994]]],[[[-6.972333,56.452144999999994],[-6.957870374087592,56.536925847772274],[-6.755392487226278,56.536925847772274],[-6.972333,56.452144999999994]]],[[[-6.683078999999999,56.575463],[-6.495063775547446,56.69107344678218],[-6.451675656934307,56.66795130693069],[-6.581840012773723,56.58317012747524],[-6.683078999999999,56.575463]]],[[[-6.451676,56.945417],[-6.437212950729927,57.03019816460396],[-6.37936212591241,57.061027684405936],[-6.220272357664234,57.00707602475247],[-6.234735063868614,56.95312436509901],[-6.451676,56.945417]]],[[[-5.35251,55.712236],[-5.410361,55.712236],[-5.410361,55.527259],[-5.468211635036496,55.49642955445544],[-5.540525166058394,55.319159815594055],[-5.800853877737227,55.28833029579207],[-5.815316583941606,55.4039409950495],[-5.641764109489051,55.743065712871285],[-5.69961493430657,55.928042831683165],[-5.757465759124088,55.95887235148514],[-6.032257177007299,55.73535833292079],[-6.061182589416059,55.627455013613854],[-6.278123182481752,55.58891811386138],[-6.408287538321169,55.704528813118806],[-6.495063775547446,55.689114053217814],[-6.509526481751825,55.804724752475245],[-6.408287538321169,55.8740911720297],[-6.061182589416059,55.96657973143564],[-5.8587047025547445,56.10531257054455],[-5.714077640510949,56.13614209034653],[-5.656226815693431,56.089897810643556],[-5.598375990875913,56.16697161014851],[-5.656226815693431,56.25946016955445],[-5.757465759124088,56.29799706930692],[-6.3215113010948905,56.27487492945544],[-6.437212950729927,56.30570444925742],[-6.234735063868614,56.39819300866336],[-6.220272357664234,56.452144668316826],[-6.3215113010948905,56.490681568069306],[-6.335974007299271,56.575462747524746],[-6.176884239051095,56.675658686881185],[-6.205809651459854,56.72190296658415],[-5.887630114963504,56.82980628589109],[-5.873167408759125,57.00707602475247],[-6.032257177007299,57.01478340470297],[-6.061182589416059,57.122686724009895],[-6.263660476277373,57.13810148391089],[-6.581840012773723,57.33849336262376],[-6.726467074817519,57.35390812252475],[-6.784317899635036,57.46181144183168],[-6.610765425182482,57.5851295210396],[-6.523989187956205,57.56971476113861],[-6.292585888686132,57.708447600247524],[-6.176884239051095,57.64678856064356],[-5.974406352189781,57.32307860272277],[-5.771928465328468,57.29224908292079],[-5.931018233576642,57.50034834158416],[-5.815316583941606,57.62366642079208],[-5.815316583941606,57.83947305940594],[-5.627301403284672,57.92425423886138],[-5.468211635036496,57.9011320990099],[-5.309121866788321,57.93966899876237],[-5.468211635036496,58.02445017821782],[-5.453748928832117,58.109231357673266],[-5.35250998540146,58.14776825742574],[-5.395898104014599,58.26337895668316],[-5.193420217153285,58.30962323638614],[-5.222345629562044,58.38669703589109],[-5.106643979927007,58.540844634900985],[-4.990942330291971,58.602503674504945],[-4.02194101459854,58.579381534653464],[-3.3277311167883212,58.6718700940594],[-3.05293969890511,58.63333319430693],[-3.03847699270073,58.42523393564356],[-3.1107905237226277,58.340452756188114],[-3.9496274835766423,57.95508375866336],[-3.9496274835766423,57.87800995915841],[-3.8050004215328475,57.81635091955445],[-4.007478308394161,57.63137380074257],[-3.732687,57.623666],[-3.6603733594890517,57.47722620173267],[-3.3855819416058397,57.37703026237623],[-3.443432766423358,57.31537122277227],[-3.4578954726277376,57.16893100371287],[-3.7182241843065693,57.09185720420792],[-3.7905379999999997,56.945417],[-4.585986556569344,56.75273248638614],[-4.6583000875912415,56.66795130693069],[-4.6583,56.482974],[-4.7740017372262775,56.35965610891088],[-4.672762793795621,56.29028968935643],[-4.7016882062043805,56.1823863700495],[-4.600449,56.051361],[-4.614911968978102,55.96657973143564],[-4.875240680656935,55.95116497153465],[-4.889703,55.866384],[-4.947553999999999,55.866384],[-4.947553999999999,55.773894999999996],[-5.04879315510949,55.7199435730198],[-5.077718567518248,55.766187852722766],[-5.236808335766424,55.804724752475245],[-5.35251,55.712236]],[[-5.641763999999999,56.421315],[-5.583913,56.421315],[-5.583913,56.482974],[-5.641763999999999,56.482974],[-5.641763999999999,56.421315]]]];S08000022;Highland;[-4.69856557645571,57.5722196596225];
[[[[-2.344267,55.958872],[-2.6335212189781023,56.051360910891084],[-2.8649245182481753,56.051360910891084],[-3.03847699270073,55.989701871287124],[-3.212029,56.020531],[-3.501284,56.020531],[-3.7905379999999997,55.897213],[-3.732687,55.866384],[-3.732687,55.804725],[-3.4434329999999997,55.773894999999996],[-3.3277311167883212,55.804724752475245],[-3.1107905237226277,55.750773092821774],[-2.575670394160584,55.83555427227722],[-2.344267,55.958872]]]];S08000024;Lothian;[-2.75103071875,55.9386404791151];
[[[[-4.021941,55.465599999999995],[-4.094254545620438,55.34998933539603],[-4.296732432481752,55.303745055693064],[-4.383508669708029,55.195841736386136],[-4.585986556569344,55.14959745668316],[-4.730613618613139,55.04169413737623],[-5.063256,55.033986999999996],[-5.04879315510949,55.118767936881184],[-4.672762793795621,55.504136934405935],[-4.875240680656935,55.65828453341584],[-4.947553999999999,55.773894999999996],[-4.947553999999999,55.866384],[-4.889703,55.866384],[-4.253344,55.681407],[-4.181030782846715,55.59662549381188],[-4.03640372080292,55.5503812141089],[-4.021941,55.465599999999995]]],[[[-5.35251,55.712236],[-5.135569392335767,55.67369929331683],[-5.063255861313869,55.5580885940594],[-5.063255861313869,55.46560003465346],[-5.294659160583942,55.43477051485148],[-5.410361,55.527259],[-5.410361,55.712236],[-5.35251,55.712236]]]];S08000015;Ayrshire and Arran;[-4.4801196,55.49180535];
[[[[-1.3029519999999999,59.843391999999994],[-1.2451014233576645,59.87422136633663],[-1.1727878923357666,60.082320624999994],[-1.07154894890511,60.15168704455445],[-1.1149370675182482,60.2364682240099],[-0.9703100054744525,60.34437154331683],[-1.07154894890511,60.42915272277227],[-1.0570862427007306,60.483104382425736],[-0.796757531021898,60.59100770173267],[-0.840145649635037,60.644959361386135],[-0.7822948248175186,60.73744792079208],[-0.796757531021898,60.822229100247526],[-0.9413845930656937,60.822229100247526],[-1.028160830291971,60.745155300742574],[-1.462042016423358,60.60642246163366],[-1.5922063722627744,60.521641282178216],[-1.4765047226277375,60.398323202970296],[-1.693445315693431,60.29812726361386],[-1.7079080218978104,60.24417560396039],[-1.3752657791970808,60.14397966460396],[-1.3608030729927014,59.935880405940594],[-1.3029519999999999,59.843391999999994]]]];S08000026;Shetland;[-1.29138208321168,60.4027274858557];
[[[[-7.550840999999999,56.945417],[-7.43514,56.945417],[-7.377288999999999,57.007076],[-7.492991,57.007076],[-7.550840999999999,56.945417]]],[[[-7.319438,57.037906],[-7.203736379562044,57.13039410396039],[-7.247124498175182,57.19976052351485],[-7.203736379562044,57.25371218316831],[-7.203736379562044,57.407859782178214],[-7.088034729927008,57.53117786138613],[-7.088034729927008,57.65449594059405],[-7.160348260948906,57.7392771200495],[-7.420676972627738,57.67761808044554],[-7.550841328467154,57.59283690099009],[-7.435139678832117,57.50034834158416],[-7.435139678832117,57.25371218316831],[-7.478527797445256,57.19976052351485],[-7.319438,57.037906]]],[[[-7.088035,57.746984999999995],[-6.8710941368613145,57.75469187995049],[-6.35043671350365,58.032157558168315],[-6.335974007299271,58.17859777722772],[-6.162421532846716,58.33274537623762],[-6.176884239051095,58.479185595297025],[-6.3215113010948905,58.51001511509901],[-7.131422848540146,58.170890397277226],[-7.088034729927008,57.870302579207916],[-7.145885554744526,57.808643539603956],[-7.088035,57.746984999999995]]]];S08000028;Western Isles;[-6.90001954927007,58.0140455402847];
[[[[-2.807074,56.452144999999994],[-2.474431450729927,56.58317012747524],[-2.459968744525548,56.69878082673267],[-2.4021179999999998,56.760439999999996],[-2.619058512773723,56.798976766089105],[-2.70583475,56.90688008539603],[-2.8649245182481753,56.97624650495049],[-3.03847699270073,56.97624650495049],[-3.1107905237226277,56.922294845297024],[-3.3855819416058397,56.88375794554455],[-3.7905379999999997,56.945417],[-4.585986556569344,56.75273248638614],[-4.6583000875912415,56.66795130693069],[-4.6583,56.482974],[-4.36904596350365,56.513803707920786],[-4.1521053704379565,56.475266808168314],[-4.238881607664234,56.3365339690594],[-3.8917766587591247,56.21321588985148],[-3.6892987718978105,56.19780112995049],[-3.674836,56.143848999999996],[-3.400044647810219,56.15155685024752],[-3.284342998175183,56.21321588985148],[-3.3277311167883212,56.29799706930692],[-3.2554175857664234,56.351948728960394],[-2.807074,56.452144999999994]]]];S08000030;Tayside;[-3.65555249310625,56.5600477524752];
[[[[-2.807074,56.452144999999994],[-3.2554175857664234,56.351948728960394],[-3.3277311167883212,56.29799706930692],[-3.284342998175183,56.21321588985148],[-3.400044647810219,56.15155685024752],[-3.674836,56.143848999999996],[-3.674836,56.051361],[-3.501284,56.020531],[-3.212029,56.020531],[-2.966163461678833,56.16697161014851],[-2.590133100364964,56.24404540965346],[-2.590133100364964,56.29028968935643],[-2.7926109872262774,56.39819300866336],[-2.807074,56.452144999999994]]]];S08000029;Fife;[-3.15933363185662,56.22554765];
[[[[-3.7905379999999997,56.945417],[-3.3855819416058397,56.88375794554455],[-3.1107905237226277,56.922294845297024],[-3.03847699270073,56.97624650495049],[-2.8649245182481753,56.97624650495049],[-2.70583475,56.90688008539603],[-2.619058512773723,56.798976766089105],[-2.4021179999999998,56.760439999999996],[-2.1851773266423358,56.89146532549505],[-2.0984010894160585,57.061027684405936],[-1.9971621459854019,57.13039410396039],[-1.9826994397810225,57.2768343230198],[-1.7802215529197083,57.446396681930686],[-1.765758846715329,57.56200738118812],[-1.8380723777372268,57.64678856064356],[-2.0550129708029203,57.71615498019801],[-3.03847699270073,57.68532546039604],[-3.3711192354014603,57.7392771200495],[-3.732687,57.623666],[-3.6603733594890517,57.47722620173267],[-3.3855819416058397,57.37703026237623],[-3.443432766423358,57.31537122277227],[-3.4578954726277376,57.16893100371287],[-3.7182241843065693,57.09185720420792],[-3.7905379999999997,56.945417]]]];S08000020;Grampian;[-2.52200166300237,57.3232713440285];
[[[[-4.137643,56.020531],[-4.021941,56.020531],[-3.7905379999999997,55.897213],[-3.501284,56.020531],[-3.674836,56.051361],[-3.674836,56.143848999999996],[-3.6892987718978105,56.19780112995049],[-3.8917766587591247,56.21321588985148],[-4.238881607664234,56.3365339690594],[-4.1521053704379565,56.475266808168314],[-4.36904596350365,56.513803707920786],[-4.6583,56.482974],[-4.7740017372262775,56.35965610891088],[-4.672762793795621,56.29028968935643],[-4.7016882062043805,56.1823863700495],[-4.600449,56.051361],[-4.354583257299271,55.96657973143564],[-4.137643,56.020531]]]];S08000019;Forth Valley;[-4.43665486711811,56.2825821924505];
[[[[-4.137643,56.020531],[-4.354583257299271,55.96657973143564],[-4.600449,56.051361],[-4.614911968978102,55.96657973143564],[-4.875240680656935,55.95116497153465],[-4.889703,55.866384],[-4.253344,55.681407],[-4.1954934890510955,55.7122361930693],[-4.238881607664234,55.79701737252475],[-4.094254545620438,55.8740911720297],[-4.137643,56.020531]]]];S08000031;Greater Glasgow and Clyde;[-4.36248716395773,55.8478863];
[[[[-3.038477,59.257630999999996],[-2.8793872244525547,59.26533835024752],[-2.8793872244525547,59.37324166955445],[-3.0240142864963504,59.31158262995049],[-3.038477,59.257630999999996]]],[[[-2.9227749999999997,58.826018],[-2.9227749999999997,58.733529],[-3.038477,58.795187999999996],[-3.038477,58.826018],[-2.9227749999999997,58.826018]]],[[[-2.633521,59.226800999999995],[-2.5612076879562045,59.31158262995049],[-2.459968744525548,59.288460490099006],[-2.633521,59.226800999999995]]],[[[-2.9227749999999997,58.826018],[-2.9950888740875916,58.91079887252475],[-3.0963278175182483,58.91850625247525],[-3.1541786423357667,58.88767673267326],[-3.1107905237226277,58.8337250730198],[-3.168641348540146,58.77206603341584],[-3.313268410583942,58.77206603341584],[-3.4289700602189788,58.8337250730198],[-3.443432766423358,58.94933577227722],[-3.3711192354014603,59.09577599133663],[-3.05293969890511,59.18826455074257],[-2.691372043795621,58.94933577227722],[-2.9227749999999997,58.826018]]],[[[-2.807074,59.134313],[-2.807074,59.257630999999996],[-2.7492229999999998,59.257630999999996],[-2.7492229999999998,59.134313],[-2.807074,59.134313]]],[[[-2.633521,59.226800999999995],[-2.619058512773723,59.1420202710396],[-2.5322822755474457,59.126605511138614],[-2.5322822755474457,59.08036123143564],[-2.6769093375912414,59.08036123143564],[-2.691372043795621,59.19597193069307],[-2.633521,59.226800999999995]]]];S08000025;Orkney;[-3.27630816139497,58.93334295888];
[[[[-6.296866,54.579882999999995],[-6.11896825,54.62386886363636],[-6.042726,54.609207],[-6.0173119999999995,54.609207],[-6.0173119999999995,54.638531],[-5.991898,54.653192999999995],[-5.890242,54.653192999999995],[-5.8076466365740735,54.708175624999996],[-5.693283594907408,54.74483073863636],[-5.6869300925925925,54.81447545454545],[-5.718697604166667,54.85479607954545],[-5.858474655092593,54.90611323863636],[-5.896595668981481,54.95743039772727],[-5.9601306921296295,54.994085511363636],[-5.966484194444444,55.04906818181818],[-6.017312212962963,55.093054318181814],[-6.023665715277778,55.17736107954545],[-6.099907743055555,55.22134721590909],[-6.500178388888889,55.25433681818181],[-6.855975,55.166365],[-6.849621016203703,55.111381875],[-6.805146499999999,55.093054318181814],[-6.779732490740741,54.87312363636363],[-6.900449034722222,54.82547198863636],[-6.913156039351851,54.77415482954545],[-7.002105071759259,54.72283767045454],[-7.008458574074074,54.68251704545454],[-6.957630555555555,54.60920681818181],[-6.957631,54.565220999999994],[-6.830560509259259,54.579882727272725],[-6.500178388888889,54.55055863636363],[-6.3985223518518515,54.579882727272725],[-6.296866,54.579882999999995]]],[[[-6.195209999999999,55.298322999999996],[-6.169796,55.298322999999996],[-6.169796,55.268999],[-6.195209999999999,55.268999],[-6.195209999999999,55.298322999999996]]],[[[-6.195209999999999,55.298322999999996],[-6.271452,55.283660999999995],[-6.271452,55.312985],[-6.195209999999999,55.312985],[-6.195209999999999,55.298322999999996]]]];NHSCT;Northern Health and Social Care Trust;[-6.43579623209877,54.9024477272727];
[[[[-6.296866,54.579882999999995],[-6.3985223518518515,54.579882727272725],[-6.500178388888889,54.55055863636363],[-6.830560509259259,54.579882727272725],[-6.957631,54.565220999999994],[-7.040226085648148,54.51023801136363],[-7.357901201388889,54.429596761363634],[-7.332487192129629,54.37827960227272],[-7.186357,54.330628],[-6.989398067129629,54.40027267045454],[-6.913156039351851,54.356286534090906],[-6.8242070069444445,54.21699710227272],[-6.65901594675926,54.165679943181814],[-6.652662444444444,54.125359318181815],[-6.678076453703704,54.06671113636363],[-6.64630894212963,54.04105255681817],[-6.423936361111111,54.05204909090909],[-6.271452305555555,54.09603522727272],[-6.150735761574074,54.063045624999994],[-6.093554,54.022724999999994],[-6.0173119999999995,54.022724999999994],[-5.896595668981481,54.085038693181815],[-5.864828,54.184006999999994],[-6.036372719907407,54.18767301136363],[-6.068140231481481,54.22799363636363],[-5.972837696759259,54.260983238636356],[-5.972837696759259,54.37094857954545],[-6.036372719907407,54.37827960227272],[-6.239684793981481,54.466251875],[-6.296866,54.579882999999995]]]];SHSCT;Southern Health and Social Care Trust;[-6.45089411643302,54.301304];
[[[[-6.296866,54.579882999999995],[-6.239684793981481,54.466251875],[-6.036372719907407,54.37827960227272],[-5.972837696759259,54.37094857954545],[-5.972837696759259,54.260983238636356],[-6.068140231481481,54.22799363636363],[-6.036372719907407,54.18767301136363],[-5.864828,54.184006999999994],[-5.858474655092593,54.20966607954545],[-5.8076466365740735,54.23899017045454],[-5.661516083333334,54.22799363636363],[-5.540799539351852,54.275645284090906],[-5.43279,54.433262],[-5.43279,54.506572999999996],[-5.5662135486111115,54.6788515340909],[-5.712344101851851,54.68251704545454],[-5.864828,54.653192999999995],[-5.858474655092593,54.627534374999996],[-5.769525622685185,54.59087926136363],[-5.845767650462963,54.49557596590908],[-5.8838886643518515,54.49557596590908],[-6.036372719907407,54.58354823863636],[-6.042726,54.609207],[-6.11896825,54.62386886363636],[-6.296866,54.579882999999995]]]];SEHSCT;South Eastern Health and Social Care Trust;[-5.64567828985507,54.4457247738636];
[[[[-5.864828,54.653192999999995],[-5.890242,54.653192999999995],[-5.991898,54.653192999999995],[-6.0173119999999995,54.638531],[-6.0173119999999995,54.609207],[-6.042726,54.609207],[-6.036372719907407,54.58354823863636],[-5.8838886643518515,54.49557596590908],[-5.845767650462963,54.49557596590908],[-5.769525622685185,54.59087926136363],[-5.858474655092593,54.627534374999996],[-5.864828,54.653192999999995]]]];BHSCT;Belfast Health and Social Care Trust;[-5.91998380149624,54.5980270380682];
[[[[-7.186357,54.330628],[-7.332487192129629,54.37827960227272],[-7.357901201388889,54.429596761363634],[-7.040226085648148,54.51023801136363],[-6.957631,54.565220999999994],[-6.957630555555555,54.60920681818181],[-7.008458574074074,54.68251704545454],[-7.002105071759259,54.72283767045454],[-6.913156039351851,54.77415482954545],[-6.900449034722222,54.82547198863636],[-6.779732490740741,54.87312363636363],[-6.805146499999999,55.093054318181814],[-6.849621016203703,55.111381875],[-6.855975,55.166365],[-6.951277053240741,55.192023125],[-7.040226085648148,55.067395738636364],[-7.211770648148148,55.07839227272727],[-7.383315210648147,55.04540267045454],[-7.440496731481481,54.96109590909091],[-7.472264243055555,54.84746505681818],[-7.548506270833333,54.788816874999995],[-7.7200508333333335,54.72650318181818],[-7.8407673773148145,54.73749971590909],[-7.9170094050925925,54.69351357954545],[-7.9170094050925925,54.67152051136363],[-7.866181386574074,54.64219642045454],[-7.777232354166666,54.620203352272725],[-7.777232354166666,54.598210284090904],[-7.853474381944444,54.55422414772727],[-7.9932514328703705,54.546893125],[-8.15208899074074,54.44792431818181],[-8.069493460648149,54.36361755681818],[-7.878888391203703,54.26831426136363],[-7.866181386574074,54.23165914772727],[-7.815353368055555,54.20233505681818],[-7.67557631712963,54.18034198863636],[-7.5675667777777775,54.125359318181815],[-7.268952168981482,54.12902482954545],[-7.230831155092592,54.19500403409091],[-7.13552862037037,54.24265568181818],[-7.180003136574074,54.29030732954545],[-7.186357,54.330628]]]];WHSCT;Western Health and Social Care Trust;[-7.41209283877996,54.5786914360795];
[[[[-3.247086,51.556799],[-3.114371,51.556799],[-3.0811919999999997,51.516391999999996],[-2.948476615384615,51.5163916372549],[-2.649867,51.597206],[-2.649867,51.839648],[-2.824055942307692,51.9154111495098],[-3.006539596153846,51.945716428921564],[-3.048013,51.981072999999995],[-3.0811919999999997,51.960869068627446],[-3.0480131538461537,51.90025850980392],[-3.0894867115384614,51.84469883088235],[-3.3466229999999997,51.799240999999995],[-3.280265076923077,51.698223313725485],[-3.313443923076923,51.61740923529412],[-3.247086,51.556799]]]];W11000028;Aneurin Bevan University Health Board;[-2.98939991,51.74322891];Bwrdd Iechyd Prifysgol Aneurin Bevan
[[[[-3.247086,51.556799],[-3.313443923076923,51.61740923529412],[-3.280265076923077,51.698223313725485],[-3.3466229999999997,51.799240999999995],[-3.4461593076923074,51.819444431372546],[-3.578875,51.758834],[-3.578874692307692,51.678019794117645],[-3.487632865384615,51.61235835539215],[-3.479338,51.516391999999996],[-3.3466229999999997,51.516391999999996],[-3.313444,51.556799],[-3.247086,51.556799]]]];W11000027;Cwm Taf University Health Board;[-3.41506004,51.66880035];Bwrdd Iechyd Prifysgol Cwm Taf
[[[[-3.247086,51.556799],[-3.313444,51.556799],[-3.3466229999999997,51.516391999999996],[-3.479338,51.516391999999996],[-3.645232,51.455780999999995],[-3.578875,51.395171],[-3.479338,51.395171],[-3.479338,51.374967],[-3.247086,51.374967],[-3.1558444038461535,51.42042491911764],[-3.0811919999999997,51.516391999999996],[-3.114371,51.556799],[-3.247086,51.556799]]]];W11000029;Cardiff and Vale University Health Board;[-3.39038992,51.46929169];Bwrdd Iechyd Prifysgol Caerdydd a’r Fro
[[[[-4.209273,51.657816],[-4.0848520961538455,51.662867154411764],[-4.001904980769231,51.753782992647054],[-3.811127,51.799240999999995],[-3.7198847884615382,51.88510587009804],[-3.6784112307692305,52.00127610784313],[-3.6784112307692305,52.061886666666666],[-3.744768923076923,52.14270074509804],[-3.744768923076923,52.30432890196078],[-3.711590076923077,52.40534649999999],[-3.83601075,52.51141497794117],[-3.852600173076923,52.56192377696078],[-3.910663,52.566975],[-4.043379,52.526568],[-4.151209788461538,52.329583301470585],[-4.283925173076923,52.24876922303921],[-4.48299825,52.16795514460784],[-4.69866075,52.137649865196074],[-4.91432325,52.02653050735294],[-5.063628057692307,52.016428747549014],[-5.304174692307692,51.90025850980392],[-5.2958799807692305,51.86490235049019],[-5.179754019230769,51.854800590686274],[-5.138280461538462,51.819444431372546],[-5.229522288461538,51.72347771323529],[-4.997270365384615,51.60225659558823],[-4.748429019230769,51.64266363480392],[-4.665481903846153,51.71337595343137],[-4.474703538461538,51.73863035294117],[-4.300514596153846,51.662867154411764],[-4.209273,51.657816]]]];W11000025;Hywel Dda University Health Board;[-4.18274021,52.08504105];Bwrdd Iechyd Prifysgol Hywel Dda
[[[[-4.209273,51.657816],[-4.300514596153846,51.61235835539215],[-4.300514596153846,51.56184955637255],[-4.109736230769231,51.536595156862745],[-3.8774843076923076,51.59720571568627],[-3.7862424807692303,51.55174779656863],[-3.7364742115384613,51.48103547794118],[-3.645232,51.455780999999995],[-3.479338,51.516391999999996],[-3.487632865384615,51.61235835539215],[-3.578874692307692,51.678019794117645],[-3.578875,51.758834],[-3.811127,51.779036999999995],[-3.811127,51.799240999999995],[-4.001904980769231,51.753782992647054],[-4.0848520961538455,51.662867154411764],[-4.209273,51.657816]]]];W11000026;Abertawe Bro Morgannwg University Health Board;[-3.9867599,51.63658142];Bwrdd Iechyd Prifysgol Abertawe Bro Morgannwg
[[[[-4.5078819999999995,53.435725999999995],[-4.565945365384615,53.41047160049019],[-4.615713634615385,53.3195557622549],[-4.69866075,53.29935224264705],[-4.341988153846154,53.09226616666666],[-4.516177096153846,52.95589240931372],[-4.731839596153846,52.86497657107843],[-4.7733131538461535,52.80941689215686],[-4.507882384615384,52.789213372549014],[-4.466408826923077,52.84477305147058],[-4.366872288461538,52.88518009068627],[-4.151209788461538,52.88518009068627],[-4.142915076923076,52.789213372549014],[-4.076557384615384,52.70839929411764],[-4.142915076923076,52.60738169607843],[-4.043379,52.526568],[-3.910663,52.566975],[-3.8028319038461538,52.662941374999996],[-3.6203482499999997,52.69324665441176],[-3.578874692307692,52.74880633333333],[-3.6120535384615384,52.789213372549014],[-3.5705799807692307,52.82456953186274],[-3.346622769230769,52.890230970588235],[-3.2470862307692303,52.87002745098039],[-3.14755,52.890231],[-3.0148343076923076,52.930638009803914],[-2.8821189230769226,52.930638009803914],[-2.790877096153846,52.89528185049019],[-2.7245194038461538,52.91548537009803],[-2.716224692307692,52.9710450490196],[-2.8406453653846153,53.03670648774509],[-2.915297769230769,53.13267320588235],[-2.9235924807692304,53.20843640441176],[-3.288559788461538,53.349861041666664],[-3.4129804615384614,53.35491192156862],[-3.545695846153846,53.314504882352935],[-3.811126615384615,53.33470840196078],[-4.010199692307692,53.27409784313725],[-4.05167325,53.30945400245098],[-4.167799211538462,53.3195557622549],[-4.341988,53.435725999999995],[-4.5078819999999995,53.435725999999995]]]];W11000023;Betsi Cadwaladr University Health Board;[-3.75274992,52.99951172];Bwrdd Iechyd Prifysgol Betsi Cadwaladr
[[[[-3.14755,52.890231],[-3.2470862307692303,52.87002745098039],[-3.346622769230769,52.890230970588235],[-3.5705799807692307,52.82456953186274],[-3.6120535384615384,52.789213372549014],[-3.578874692307692,52.74880633333333],[-3.6203482499999997,52.69324665441176],[-3.8028319038461538,52.662941374999996],[-3.910663,52.566975],[-3.852600173076923,52.56192377696078],[-3.83601075,52.51141497794117],[-3.711590076923077,52.40534649999999],[-3.744768923076923,52.30432890196078],[-3.744768923076923,52.14270074509804],[-3.6784112307692305,52.061886666666666],[-3.6784112307692305,52.00127610784313],[-3.7198847884615382,51.88510587009804],[-3.811127,51.799240999999995],[-3.811127,51.779036999999995],[-3.578875,51.758834],[-3.4461593076923074,51.819444431372546],[-3.3466229999999997,51.799240999999995],[-3.0894867115384614,51.84469883088235],[-3.0480131538461537,51.90025850980392],[-3.0811919999999997,51.960869068627446],[-3.048013,51.981072999999995],[-3.0811919999999997,52.04168314705882],[-3.0811919999999997,52.18310778431372],[-3.039718442307692,52.23866746323529],[-2.956771326923077,52.26897274264706],[-2.981655461538461,52.30432890196078],[-2.956771326923077,52.33968506127451],[-3.072897288461538,52.36999034068627],[-3.1807285384615382,52.44575353921568],[-2.989950173076923,52.55182201715686],[-3.072897288461538,52.572025536764706],[-3.0811919999999997,52.60738169607843],[-2.981655461538461,52.74880633333333],[-3.1392549807692305,52.834671291666666],[-3.14755,52.890231]]]];W11000024;Powys Teaching Health Board;[-3.43532991,52.348629];Bwrdd Iechyd Addysgu Powys
